worker_id,x_skill,ell_x,ell_y,a_skill,s_skill,u_i0,u_i1,u_i2,chosen_firm
0,7.032635948956448,-35.477277792714375,5.816990932696169,-0.02819684275334826,7.004439106203099,-0.4313280350905532,1.7179108459613013,2.0207526875328052,2
1,8.896640045596351,11.070202339729331,16.549647906216524,0.34428266632594384,9.240922711922295,-0.43108537048843626,2.8412688575417286,3.794198242910384,2
2,13.863775783867746,23.385924291937336,16.246026201592663,-0.05807887615398157,13.805696907713765,0.30571842102133434,4.150281627040613,4.067051640746419,1
3,10.58192325739784,-1.0838778447658814,10.144604997673728,-0.02862866992019015,10.55329458747765,1.3372502223541707,3.7087630856042586,3.437416552470205,1
4,12.76069269891957,-7.9669050562901225,13.8898712030745,-0.33262700697339603,12.428065691946173,1.4183014837304686,4.157211177437486,4.10121523757835,1
5,11.731311373771755,-4.309529073488443,-32.87595707361574,0.7593853579199062,12.490696731691662,1.7893326648388113,2.728177676530031,4.869762505311818,2
6,8.090609060887058,-0.47322424197034146,2.9181380207096295,0.6124089261945991,8.703017987081656,-0.17003224776271694,3.681861853849664,2.498580085851912,1
7,11.62585666123088,-17.626507809167165,9.11257912841296,-0.5859442506633886,11.039912410567492,-0.3551124372056279,4.484680127498979,2.016320903500614,1
8,9.050213646502552,17.804897743577733,-15.341502618710496,-1.2419756345092396,7.808238011993312,0.9373476691235229,3.2180931014083294,0.893545795839424,1
9,9.032832651523119,11.33940014246338,15.010771999391688,-1.142234478406908,7.890598173116211,-0.2006409010852643,2.5870470660831963,1.8480418280195536,1
10,10.291501956011372,-14.255768347162945,-4.646405145795881,2.554341271469739,12.845843227481112,0.7466053957602788,3.44152109347582,2.9146152587097256,1
11,5.422208780443146,-16.398003377035522,-6.68072630146521,0.49725762482155367,5.9194664052647,1.609604542853633,2.714035652110611,2.2547803033943032,2
12,13.576498312304976,-0.750077412380941,19.493277644546865,1.382967269664724,14.959465581969699,0.7220265523804462,2.1389240167208867,2.864933263770232,2
13,7.9867309744776716,-9.583751412762672,-21.320094363487012,1.236709988653423,9.223440963131095,1.8636447639504046,0.7801344770503569,1.4144122393456144,0
14,13.000808258978381,-47.16680286286226,-8.041838603791428,0.14334193667410328,13.144150195652484,0.14451700315144816,1.702510263568898,2.0777619398026284,2
15,10.408963371559352,-19.701767973947963,4.783653214010444,0.517258332669187,10.926221704228539,0.11341039858633972,2.370472010099175,3.9201120696371996,2
16,14.596099238886389,3.4411325218472197,-21.804156940416956,0.6276391160936463,15.223738354980036,1.7315817284231283,2.0307037883607006,1.4724924056200892,1
17,8.020091758624538,5.43430900490609,-1.1738520663440548,-2.2574272963033155,5.762664462321222,1.4621258310332332,3.148659475412103,2.0118765032658246,2
18,9.064615430590248,-3.797842822153226,-5.808750288944585,0.6463111614653534,9.710926592055602,1.107087647430495,4.308795810845755,4.295084519651764,1
19,11.013307379676478,14.406120116535941,10.918621844294178,-1.0122868987002391,10.001020480976239,0.2035837106061065,2.832849473524552,2.0056744788012217,1
20,3.3775867054005873,2.8082370138481134,19.26388603319675,-1.101160938331811,2.276425767068776,1.1234191918663732,3.4781937479689855,2.9800321460533494,0
21,12.48376432467621,0.5209149096721956,4.080263442510724,0.43271005325674783,12.916474377932959,0.8933352452186862,4.137611053353742,3.1783617188331688,1
22,14.624891184071855,8.02954821413168,-2.0561296886126152,4.178887219251859,18.80377840332371,0.9107672705158762,3.7511233162996183,4.556023721578754,2
23,13.380420379795083,-18.030202804138575,28.436631236076188,-2.5312011189708667,10.849219260824217,1.3926017007791747,0.36583198503275804,1.7754532054978192,2
24,12.264308932936752,14.145243055008741,-17.491676967065413,-3.0537956755454543,9.210513257391298,0.45583917086346676,6.115623632143133,3.1281682053651902,1
25,9.562066320654328,-14.74815826501608,-13.984717933065118,0.15482715100902766,9.716893471663356,3.1705045684266526,3.8632914629165094,2.0947837931345177,1
26,13.845706681179138,-22.854941972858054,7.4311591327857585,-2.9955489342900936,10.850157746889044,0.20110097296454224,6.844554205012939,2.4686627237357683,1
27,13.22209186591583,22.531998174262274,7.807060029111427,-0.21482461790874485,13.007267248007086,3.80332704014786,4.2569733812453965,3.132540077520787,1
28,11.177862533731814,23.38760760022391,-4.274208525593544,-3.129469875104842,8.048392658626971,-0.6751610877726387,3.835232688643356,0.6500525609546107,1
29,10.015342938486949,3.9442490404367674,-11.899131949965696,0.6745138834968148,10.689856821983764,0.13912166058977432,2.7910952400362,2.228699975117949,1
30,8.914699383517231,0.32232269933119234,18.111208525276485,-0.08833478416897869,8.826364599348253,0.011346387113982273,5.751069393118975,2.822472378842347,1
31,6.309303413528665,10.703086703436533,17.304997437389943,-1.3908849824272824,4.918418431101383,1.1900130594806713,2.625105348313376,4.379525536687591,0
32,13.678687878463451,-6.115791173962564,15.689700814159405,1.8230115866049779,15.501699465068429,-0.3922383665283535,5.91807321739328,3.2525231721875105,1
33,3.483868339944455,21.753142963680652,10.453409200758443,0.28502355340682484,3.76889189335128,0.32024427799072613,1.6534803878715676,1.0587543260226127,0
34,8.889557962443053,-20.85154001306267,6.2349628995117445,0.9430169007291266,9.83257486317218,3.0881063746888153,2.448952389791798,2.1923368832984957,0
35,10.493140209024004,3.6641062050170885,-8.081111218139156,-1.7606331329827358,8.732507076041268,1.5067180440705377,2.911654046337709,2.2950820257003923,1
36,12.57964355383821,-15.461861582175484,-10.185244265213322,0.5594518163888457,13.139095370227055,0.5430185128122574,2.3478176122573946,3.417400615834906,2
37,15.284983709535434,17.233487997478303,3.995006750314512,-1.711687257190119,13.573296452345314,2.4015923627303155,1.8181311859619753,0.9342151367797858,0
38,12.979971327855433,25.063696540309117,-24.954718661876306,3.562640026345104,16.542611354200538,-0.636052147165387,2.5605879683707338,0.483960976130571,1
39,9.125435721704683,6.337354412308032,26.002465868992072,1.3878497456228638,10.513285467327547,2.1230661307491245,1.417324693112932,2.083864987122959,0
40,12.184382673667429,27.470843541905758,-6.086877873693103,0.2750728192251409,12.45945549289257,-0.4019089043103855,2.085030426174173,2.2445343277482985,2
41,6.215199049240911,23.870085617019335,18.409214413067524,1.6378756850609135,7.853074734301824,2.346342456318894,2.22134287840915,3.648887638025608,2
42,14.28981558006612,17.73512683670697,5.211412807796795,0.23888410496614876,14.528699685032269,0.36933620019883406,3.066534389813116,3.1897680257656065,2
43,9.530574025511784,15.152475591919936,15.727101745799558,-0.26776056203651794,9.262813463475267,-1.5931705708401633,2.193855493543367,2.2860217319550493,2
44,7.978722550038827,-9.035907863004347,-38.529545123413264,0.22988889618995664,8.208611446228783,-1.2799047681418052,2.615582013588687,-0.09685496117851988,1
45,8.082819698703384,17.130739755694076,17.999008513202675,-2.693323545036911,5.389496153666473,2.8122613603879802,2.6136037634740226,1.0468097945324506,0
46,9.815916017138882,11.287807726595865,-3.913875496082551,-0.6635191965094931,9.152396820629388,1.9057287656228303,2.884639531869127,3.1975242822367607,2
47,8.82164523229017,-5.938599219067607,-21.45170851508361,0.3377785350171875,9.159423767307358,0.5597288636551778,2.775491911514165,2.6225002514921005,1
48,16.869729841943737,24.504865860861216,0.9052883836007084,-1.1001031189011723,15.769626723042565,-0.1382867335036255,4.381454189861102,2.0515431579181613,1
49,7.845456556358212,12.845169999436866,-3.0200205331775525,3.1385334241550344,10.983989980513247,0.7770985660289894,3.2247170443571807,2.7345748719656715,1
50,10.097823229470912,-35.061503399255855,14.127261651406734,-0.5420839285734154,9.555739300897496,0.16631214130433708,1.4335671464070123,1.115441155669076,1
51,10.084149686756916,18.501071749038466,30.168736015063615,0.3783166896834211,10.462466376440338,-0.8220826936584356,2.4253405456849406,3.281686574238358,2
52,10.084816368219213,-1.4073185957257277,-4.877238016301639,2.981815254719498,13.066631622938711,-0.37013082333852415,3.643708494411241,2.625310740149409,1
53,10.166037585858128,2.570475508283233,-13.32818470883992,1.1927015702384574,11.358739156096584,3.519636231193317,2.887978536720783,3.8755632833189715,2
54,8.555311425430153,-12.86956939614388,11.440025260112318,3.222482571990129,11.777793997420282,-0.11265711574659389,4.763112085357443,5.757550834303881,2
55,8.249777498607644,-3.2791415225588016,-5.71349331533223,0.24157629680713946,8.491353795414783,1.6980415531302093,3.7320661843729606,3.3368810944606295,1
56,7.413518493786147,6.0575871927914,-3.025893700872503,-2.268053224542079,5.1454652692440686,0.07739152936683656,4.015821311113716,1.7779595096723984,2
57,5.53547616024523,36.315104363252075,-2.2118791492562515,-3.7233663725601627,1.812109787685067,-0.3437803239961405,2.053345720095337,0.48771561474395375,0
58,10.648920499327636,23.44759692654373,12.668484601742895,-1.8737477371390745,8.77517276218856,0.31396373152258433,5.621832074424162,3.7161362097332145,1
59,12.953129052087629,14.75615954920468,7.515406714221251,0.3228858474723424,13.276014899559971,1.3215660462784595,2.0111272162116904,1.918504238631616,1
60,8.370747576962115,-2.0624752274136373,2.160205966083019,1.4044846009323553,9.77523217789447,0.619867682735351,2.6673734073634394,5.2947789900360664,2
61,8.324154882868646,-8.924024305333148,7.704539670730239,1.4978207229001597,9.821975605768806,0.44633533933993624,5.051808508808812,6.712851002740463,2
62,9.050551512032058,14.686786622847018,-34.43120452130996,-2.0012113161067138,7.049340195925344,3.1435833935441746,1.6545900771108581,0.9585411307125321,0
63,8.618080776283286,-18.91301830194553,-15.891198814660797,-1.021180300487099,7.596900475796186,-0.7673642163044707,3.061042580129206,1.325646279541422,1
64,5.691190752925167,9.8022580608908,11.38463422931922,0.6731501432408835,6.364340896166051,-0.46593530471991323,3.5615816643762837,2.234315014548874,1
65,14.095324096110758,-6.191140768212307,24.576845076118428,-3.335607315299693,10.759716780811065,0.8656844225239247,2.5270815585794173,2.1271937490233497,1
66,11.3169996626724,-5.707699120172974,10.088497577758767,-1.3665645429595465,9.950435119712854,-0.09774947150753122,3.578607402735317,3.675444101281695,2
67,7.864914918405903,11.943407393773526,-0.46039538619749454,0.3271641044881722,8.192079022894076,-0.5797456073749325,2.7504265143349045,3.568143353889589,2
68,10.891515284619555,15.57261172563625,-3.591871091912175,0.2445910206246944,11.13610630524425,0.006478442532839032,2.516565082365164,2.896013054276593,2
69,8.684628182152803,-0.34173832056000103,3.602794162146755,1.3858093870208947,10.070437569173698,2.438815227531943,9.11239402377015,2.293178852146996,1
70,9.365087699875959,11.277016972903292,23.495135076941796,0.13327576714279377,9.498363467018752,-0.5307054214475021,2.413798844116872,3.7437948048464564,2
71,11.091891494737343,-11.45649266589808,-18.784902427743592,-0.5017691928636262,10.590122301873716,-0.018596507740717597,2.8668906647523777,1.3152169829049005,1
72,12.858893475923603,9.88337938143365,-29.53213835554505,-1.3788422730316552,11.480051202891948,0.8794451993433243,6.921317518519582,2.231600601679072,1
73,14.558572387723833,0.6820093947700558,10.616461091229212,0.43655924899893583,14.99513163672277,-0.6876838218487211,3.1774455778599076,2.767882049109016,1
74,15.111728346847116,-26.386169366362477,-10.679741608246205,-0.45415234484496414,14.657576002002152,-0.691129138974473,4.040189030789956,2.365594692617851,1
75,9.253423877707172,-4.695541147560749,0.1747237575812397,1.1304441009000858,10.383867978607258,3.2250927626206263,3.8587732519864546,1.8631749570828144,1
76,8.50075422659947,-0.11545008033845076,7.9346571829191,-2.0653894899580028,6.435364736641468,1.4100314225677217,4.124389214600573,3.4478894829109588,1
77,10.298792505766054,10.32940153087817,-21.776355782924313,2.666722977833613,12.965515483599667,-0.5993861402936079,2.136839041380174,1.8405265455895083,1
78,10.385029636864939,18.664804744487228,-2.3565145556298877,-1.0873164252600231,9.297713211604915,1.899098809806781,2.869030237689516,2.3764340342840375,1
79,7.797334322665421,-6.311768899705418,18.629229113404204,-0.6284824156967542,7.1688519069686665,0.9409674141819413,4.440760484397725,3.651032210041497,1
80,8.13857413529571,-8.118626127966586,-11.1908950295474,1.0581270976018122,9.196701232897523,0.03253139236078552,3.3329229432207454,3.3258657525095474,1
81,12.439821161262545,-28.3558778702909,20.865356543381743,0.9532285600312234,13.393049721293767,-0.7381702620692407,3.8377880001740152,2.1230608358782987,1
82,14.925403041222282,-26.79425053642505,-17.77178870877804,0.7933566351808008,15.718759676403083,-0.6147714006110537,2.414183712529867,0.3296598646855411,1
83,9.320497454862483,-31.94303259474778,-4.007051462123641,-0.928998038225189,8.391499416637295,-1.5391359336651127,4.993706128924836,3.246958620208314,1
84,8.056104367013981,-28.039996933791233,19.590923253973344,-3.258197228028309,4.797907138985672,0.9018565067439669,3.2440523899545584,-0.032131237483198793,0
85,9.14988638012743,-10.329590135319389,-15.522214889135192,-0.2836000075661175,8.866286372561312,1.1784554912716718,4.00684190274542,1.5339280118303136,1
86,7.014605920089868,5.648839529754004,-14.16708456564443,1.0407878806728632,8.055393800762731,-0.20321251535838616,3.1139055089882364,0.9677013755833549,1
87,9.181384690632076,-1.895725377653473,15.646483809772995,0.6398741006018337,9.821258791233909,2.7188118621128297,3.014069239609598,2.6822995084251993,1
88,11.267332424403264,-12.064838926852001,-3.5702498699831953,1.4100098246480073,12.677342249051271,2.664114442007798,2.8166476737354875,1.7624711990487194,1
89,9.755971115231935,-11.110969708186984,-2.686723425620545,-0.5743975760321922,9.181573539199743,2.7127664113599934,3.253015694891093,4.833591024851578,2
90,13.703732791184818,45.87366165349807,-29.98024397225742,-1.2054117491850433,12.498321041999775,1.9956504889600801,1.0488896157818133,3.987427889195506,2
91,10.452664096661302,13.698531832518313,2.8764994948747336,-1.8243242935398016,8.6283398031215,2.406880602077896,2.754361524492602,2.6545823125724075,1
92,11.443358582002672,-10.446160246482394,17.260786199141837,0.84798028066313,12.291338862665802,-1.079248598851697,3.110874194988765,2.592976829125839,1
93,9.553727402771521,18.76322320039851,-11.48594823778232,0.320731010044378,9.8744584128159,1.422007480850437,4.365104501203124,1.4445368037179696,1
94,13.946997119681065,-1.3117404932351708,-7.139998926465891,-0.09345892689863819,13.853538192782427,0.3212146508780619,2.2800611074396993,3.4272475215255906,2
95,6.3329631933802855,6.77916976839245,4.696406050521359,-0.12676926840530472,6.206193924974981,0.01662965244478747,3.725982894850554,3.8703005448313244,2
96,9.08922597909931,-0.2499256464790118,8.477626397334895,-0.4372126119351777,8.652013367164134,-1.4802730732576452,4.374389787883138,3.8116272056075458,1
97,6.4789339729594255,7.6829238280178185,24.31778182899533,-0.624822417191335,5.854111555768091,1.1376277745839398,2.7775210665209897,2.248971177841432,2
98,12.478820521035065,-12.911515849057835,1.0431078610801778,0.9854453549447123,13.464265875979777,-0.4837454353009935,4.4826451140622,3.308786881166888,1
99,12.550966868869073,36.74952617098852,-7.530872673425296,-1.1767860767271852,11.374180792141889,-0.27364172962660976,4.281400286429486,0.6543088142674299,1
100,8.452697220960198,18.50191972323503,-12.650492036417582,2.2745224488825433,10.727219669842741,1.6705238597961058,1.7803787597474585,2.231247644248577,2
101,14.974339954910464,10.932027589254453,-0.5743502999169552,2.2695877173305092,17.24392767224097,0.1940228674577538,3.635008884931997,0.7106967914597666,1
102,9.108212213082236,6.18449006060886,-2.3367058441296757,2.579116960519511,11.687329173601746,0.2624939622332626,6.0444219934188546,2.3182604398783866,1
103,5.849868640154882,19.490761812652806,1.4727278620367878,1.853294527447264,7.7031631676021455,0.24109594784493701,2.835508855893051,2.044128032134331,1
104,9.156386485491467,-2.4729481006836194,9.187579470104955,-0.875183546810635,8.281202938680831,-0.3804146175255153,6.0396256222464455,3.0106085415008876,1
105,11.080061529823226,-10.594250819228842,-33.05727010603885,1.407359287760134,12.48742081758336,-0.11717051441471131,1.6971984789224943,3.0103852734540344,2
106,9.296823955218791,-22.498523721840918,-8.741294418035189,-0.15923018295186644,9.137593772266925,-0.034393251295465416,3.6559153105900144,1.6870456499865774,1
107,16.796561799601626,25.821515019631587,36.23940069530695,0.17618817276843285,16.97274997237006,1.5307423970438556,0.264436474199244,0.34805556362926676,0
108,12.56615995233982,-20.14140136505479,4.476759564371154,0.6964635641536492,13.26262351649347,1.2247301289426749,3.076096981653256,4.063738890243208,2
109,15.193838316168485,-10.16501948456973,5.833554487090447,-0.3335332356812515,14.860305080487233,0.480076339069585,4.461018621419422,2.9536481238948773,1
110,14.157656329272829,-19.22042548389208,7.44061163830033,-0.0017263632003232331,14.155929966072506,-0.5813762620054063,4.593564199894922,3.1265072250153656,1
111,4.942645964893729,-11.942833786696363,-15.841369016919067,1.1084485510149051,6.051094515908634,0.7301247054034364,1.9843033156814454,2.4255366155816436,2
112,8.866724180004551,-9.815240959933186,-28.20675581580729,1.4240496774161864,10.290773857420739,1.1336975510308958,0.3645009989302612,2.108137766673435,2
113,1.8145429393814627,10.162429401456299,-10.831010379334758,1.1849371771292012,2.999480116510664,1.4239825240099289,2.183650779533932,2.4250540691936995,0
114,8.060809792279121,22.483123141978773,14.610423328463542,3.8044625083248453,11.865272300603966,0.2375777818772434,4.189005669531571,2.129724204517669,1
115,13.34531276735114,18.597866106158733,-4.015771524012845,3.193934800009486,16.539247567360626,0.0741507638697078,4.2378102592423055,1.6166711928760222,1
116,7.4703667121817166,20.03561278824197,21.96224234536366,0.15107201850441712,7.621438730686133,-0.6511177378991153,3.122547627898652,2.75809045430692,1
117,8.089934686101465,-5.784846068555163,3.1758614350361247,0.20771014902440327,8.297644835125869,3.027971478925538,5.525084775652545,2.391411315091075,1
118,10.978402502579089,22.05031829652129,4.639388339544164,0.647079346706262,11.62548184928535,1.1248696369800488,4.885093390334509,1.0789823474237428,1
119,12.361949503571013,-10.500949516941025,18.56908423915602,0.9749489108335861,13.3368984144046,-0.40152781471152393,3.835568924157775,3.2789241388764294,1
120,8.931059847603837,18.48926288509722,-11.235155804139849,2.4301358638251975,11.361195711429035,3.652611302201524,2.873940926847395,4.4700180058435715,2
121,9.232563473679562,6.9052549744774385,2.5748188331176607,-1.0252970834006299,8.207266390278932,-1.5456107836794502,4.372636017737644,1.5065754615516571,1
122,12.426945107507928,17.30594079153542,-8.93177002780969,-0.9014333064075986,11.525511801100329,-0.4284282053334136,3.4045833679778985,0.915138837501179,1
123,10.76217605459252,20.20665985993733,16.27942606875986,-0.15907084848546035,10.60310520610706,0.2853998639019441,1.7042078521010198,0.9785603904726417,1
124,9.144139686658288,-5.404783370281383,-6.034294187368793,4.553639166546501,13.697778853204788,1.3993305426476745,2.3574345720957823,3.374731281042797,2
125,10.943510476764665,-17.503394369887385,23.743162667552397,2.0085594579898878,12.952069934754553,-0.21101689447446617,3.8860502527382135,2.833093123851154,1
126,10.228364524451067,-14.370345032784,-0.6305429852161399,-2.374799957503021,7.853564566948045,4.020128106305698,3.568832006295024,3.9219860471908436,0
127,10.763898770496919,29.057755146082698,14.387823714917575,0.19403214588187384,10.957930916378793,2.322714418130265,5.700363754798627,2.1692468697379876,1
128,16.003693545407984,5.014777061921487,6.1703222762267895,-2.7449019144954847,13.2587916309125,-0.1282173503564445,2.835505726396489,2.4538784200226025,1
129,9.084376228973836,-2.713481680709214,-18.578922724656685,0.6605393848040874,9.744915613777923,1.419480175888657,9.001112387995637,2.0429832948525,1
130,8.380711426160625,9.057329961968264,-14.79565159850613,-0.2704910021599003,8.110220424000724,0.6201912642508138,3.1583207341887447,1.1048184486354762,1
131,14.24089238232928,32.773856238098055,-22.22648559895917,2.014600875519625,16.255493257848904,2.9329202145250886,3.3000618617746342,0.592608511083782,1
132,7.882898067764231,-4.027558326536537,2.8247441495821195,2.033360628706162,9.916258696470393,6.261139116375229,4.145703989576172,4.815637904740276,0
133,15.159668427031743,-8.815268664193058,2.856187604156098,2.594898404037809,17.754566831069553,-0.2644374767228289,5.542963520508091,2.46987072801428,1
134,9.417406581364125,10.833919957451656,24.426277469384733,0.578235603634214,9.995642184998339,0.1586066249418281,1.8273693884566966,3.5326400097226163,2
135,10.221518554132807,2.7120514615096565,2.375572840858294,1.0433090476187734,11.26482760175158,1.2265898764690042,3.674865250369086,3.8643327160497205,2
136,12.200884843422614,6.041051708926838,3.2633158920801995,1.8330896113936697,14.033974454816283,0.44209229113571985,4.568444619159201,2.8844622115022522,1
137,13.639329086239302,-10.752688861195608,2.6113003535937582,1.0491279915300098,14.688457077769312,-0.10583850638150458,3.899857026857458,2.1061684805159926,1
138,12.990995955003681,19.37758787103967,4.146653877849145,-1.1311757661115092,11.859820188892172,-0.09005778814085323,3.635076989567161,1.2678586378794785,1
139,9.38909393423272,0.5765240057104614,0.5301193142998506,-1.3099513187078073,8.079142615524914,1.0850479479552575,2.183759077846797,4.929495127837676,2
140,8.900713493506466,9.253369951635882,8.844451958446443,0.8468607833443347,9.7475742768508,0.5583584342042557,4.265870097385527,2.0453088527450927,1
141,11.042417938164954,7.370711468253285,-2.3993039265658,-2.3974667841972224,8.644951153967732,-0.5949030211919163,1.945533199012081,2.7264464760070717,2
142,10.404157216694077,-35.007726753719965,-6.963494145038128,2.5698639870774134,12.97402120377149,0.031929518716852984,1.2550005940088453,1.939696207746566,2
143,8.073180678308903,-0.16069446988406644,-11.405535618771319,-1.3288143552962448,6.744366323012658,2.0095184038698375,2.551029788151175,0.5968941562327539,1
144,11.23218422452151,10.666296426063807,-11.191303219239602,1.8821864006520679,13.114370625173578,7.12744573752536,2.8899542499697457,1.2935588543215093,0
145,12.982358860484425,-33.12238869767283,14.817707376096763,-0.25670957095718705,12.725649289527238,-0.1207893559846183,1.7568247709423486,1.6354776127739554,1
146,10.499520114921596,-3.2141456056431124,2.391817421158004,-2.2508679550862998,8.248652159835297,1.0453372601105855,4.120832212119565,1.904135171303516,1
147,14.691999151152922,-26.56844175762599,-3.150183051342017,0.4283822553732666,15.120381406526189,1.7151629897558618,5.073800110040372,3.377394977901393,1
148,11.230906387823248,-1.9552306738727423,3.314809475245495,-0.4337461630154559,10.797160224807792,-0.24702933689010192,6.545743143415796,2.2491420983253714,1
149,9.532560997581198,13.881712840598155,-7.39361252387385,-1.957310538616067,7.575250458965131,-1.225660856061802,4.042600633704753,1.1691596596956662,1
150,10.300644669794256,-3.231773534960924,27.891240091568736,1.6578768744876988,11.958521544281954,0.187008188436898,3.9554652113394577,1.5641964535759147,1
151,8.319670398495225,-2.0082777663600684,24.002320824946583,0.19679420309443,8.516464601589655,1.0485638493982716,2.246248581472921,2.4980952181694915,2
152,6.90610609561902,-26.172807883709016,-0.4224045055698271,-0.0765112482672057,6.829594847351814,-0.08068336125552525,2.3100543270361893,3.6816788946439365,2
153,11.429585533999033,18.890957306640015,12.80564277800695,2.6189406652370755,14.048526199236107,3.0976570174492637,2.690918681491376,2.191455036004564,0
154,7.44024904731722,23.21594705842292,-3.2603050839099437,-2.204724213627067,5.235524833690153,2.204741649613383,3.7790473677469194,1.3725466083110096,0
155,8.925124083010594,2.295732633422561,-33.371862275577556,2.3476089841433487,11.272733067153943,0.33375022433036655,3.7081451348338526,1.4741895934480982,1
156,9.732399838885152,-20.966478428174558,10.182021877715798,1.1045910416582656,10.836990880543418,-0.4198807129176123,2.489544019008001,0.855086988816719,1
157,11.155312522547224,-9.239393224989666,15.02057847732802,0.6281386480774882,11.783451170624712,1.1075455183723375,4.336291625024389,2.575120300671863,1
158,11.38348595983279,-4.380269260753253,10.42200084312874,-3.8066206373460565,7.576865322486733,1.8867637791787213,4.047638685879587,3.761265005644634,1
159,10.162670628483287,-12.546447918691149,-13.637025369652326,0.7876330598471394,10.950303688330427,0.2308265740295948,2.326141788750778,2.0403482143076035,1
160,4.206077037855759,16.557860425895907,10.751130050561258,-0.4773096435479597,3.7287673943077992,-0.4189246301920156,3.18507099547182,1.3426745392464017,0
161,9.380221904979761,0.31471944809465635,14.874515852730552,2.4554752985038664,11.835697203483628,-0.36454427637419246,3.687134508530427,3.1742901550419313,1
162,7.673381770278672,13.674638852825993,19.4384687379677,-0.0912330075943211,7.5821487626843505,0.7074621262953967,3.1677856332368353,1.4786831132307385,1
163,9.665957343801908,-4.762588162527749,-9.061719260715353,-2.1478682482303775,7.518089095571531,0.08192428532600204,2.7959675234314036,0.9251735214985437,1
164,12.973978488012056,0.8776254146019614,7.480090949602862,-0.8227982010727901,12.151180286939265,0.12793458190546414,2.305262251175585,1.8257794083005487,1
165,12.414472873824458,-19.78856374385565,-31.27140633777774,-0.679925672540901,11.734547201283558,-0.3631951401727634,1.35590227995289,3.7522859318113353,2
166,10.660990804165982,6.276144798630403,20.648647163720202,0.5604049890007736,11.221395793166755,1.3721736989439661,2.5717708122784986,1.9918606969253079,1
167,11.51727939223783,2.060824151872777,-1.7126548632392375,-0.4535944053454324,11.063684986892397,1.4923391449019023,3.0429422145173133,2.9621999621102946,1
168,5.53477539779587,2.93234201758139,5.3452144292841375,1.7009240118206002,7.23569940961647,1.020779448104512,2.30272558125559,2.308992836806925,2
169,10.58460239707683,-15.076245472560144,6.293343804000596,1.1478216447290608,11.732424041805892,1.640969857385112,4.752632986618224,2.4138449218850115,1
170,11.873532336846882,17.990846590347683,8.221959641383695,-0.8475980466979072,11.025934290148975,3.8034068705736885,2.177393680327313,5.82585768249218,2
171,7.881618141739643,-1.9606510093241682,13.536539811494501,2.8959120087653907,10.777530150505033,0.5632469071640354,2.777549404867555,3.015704802697554,2
172,11.21496280572735,9.34764715136802,-13.217651275641227,0.42334227340387076,11.63830507913122,0.5586753297853582,3.2160282745098514,2.868626710718302,1
173,8.857521246072896,19.7674333624097,14.565160936105741,-1.4976223393586015,7.359898906714294,-0.2880801707007765,3.7743271360842416,1.1074830484140752,1
174,13.001520254070167,5.3725817139113,9.277461892762346,-0.8699024123390646,12.131617841731103,-0.9278992843181412,6.045761852541888,6.625704167689457,2
175,13.325256358185689,3.636977044347714,-8.85813207339742,2.107009067523142,15.432265425708831,-0.32507500756668184,2.6776219859690285,3.4493075436776275,2
176,8.39565071902887,9.91310456255968,2.8495770763882877,1.9813548654399096,10.37700558446878,0.9158180329176963,4.5521135010265485,3.8131565575816584,1
177,14.38876776743459,17.172180031068873,-5.621449885455126,1.365021372580999,15.75378914001559,0.9924629513970293,5.198092565534825,2.2196441762601733,1
178,9.429759109703603,-11.247031900401641,-10.935111657381627,-1.422115498633542,8.007643611070062,-0.37386693807150356,2.8047987979309585,3.2170877028971296,2
179,16.185833674501403,15.903172500293227,1.6301310145209547,-1.1078728393007073,15.077960835200695,0.8620658263045079,1.9433410416347385,1.6694323067426708,1
180,8.525337355407558,-7.980874640255892,-16.771071390140587,-0.7025354830922084,7.82280187231535,0.9707007904128679,3.6636601846468384,4.318496371152652,2
181,10.191268942121656,38.45411696585955,3.6640715277006466,2.3756031134948454,12.566872055616502,0.6920687440729237,3.720382562694933,2.607980298375768,1
182,10.63956825475206,-9.231163313221364,-4.848207407700822,-0.0008243634658120941,10.638743891286248,2.255808805312213,5.060747449612693,3.509247031631791,1
183,7.747611856402112,17.738586036156583,-2.1377009815083508,1.0322112692805008,8.779823125682613,1.936956610361555,3.280803434392751,1.958620900174822,1
184,4.8238614151868076,-15.971049093483165,0.7902822799427123,-2.3062497672984565,2.517611647888351,0.11206435104397404,6.223076533356895,5.227903102390703,0
185,7.601188159862359,24.655426979959213,20.88675466925632,-3.502591863174203,4.098596296688156,0.5827001025832786,4.488244912830594,3.7849001007289287,0
186,13.23881700831755,20.0023412048632,-7.989993797379821,-0.10590594469047035,13.13291106362708,-1.7937889786855865,3.4689810413591715,3.2186197979420355,1
187,9.014000177419648,-21.497259184557105,-3.585170313887656,0.793340048118329,9.807340225537978,-0.31753540566654603,3.4114725436626374,1.2011867162708523,1
188,9.019880179102968,-6.132302186786956,2.143785662384386,0.2449060305330365,9.264786209636004,1.802631527293571,5.283673341172867,2.005677825911949,1
189,14.550405710327645,13.87246266228626,-6.338200806525855,0.5951768190946801,15.145582529422326,-1.3777148611679957,1.6284593780176653,0.5542691470869145,1
190,11.480613376577791,-11.504218040927952,-14.359048410563233,-0.27788130027513724,11.202732076302654,5.4057663681929915,2.4901476779467706,4.77781713360992,0
191,12.106925075840149,11.007460507841147,8.207183455929732,0.326758794164378,12.433683870004527,0.6020877573298226,3.561547579525368,3.1179181277855212,1
192,12.548345978160466,13.49705260299454,-17.19568886403545,0.6686226488378332,13.216968626998298,-0.08457706529664656,3.7812426523609317,1.7747116508065057,1
193,7.277746092500123,-7.149643070656858,21.358515627604685,-0.5281933870136095,6.749552705486513,0.8449066678261392,3.111162301406662,2.371364296940417,1
194,10.374178573571347,6.087824423928658,19.7352759562931,-1.9209219146104624,8.453256658960886,1.896948289737762,3.1406708514718416,3.6805628596842794,2
195,10.450650674369276,14.4852664294743,13.0412954168894,-0.44181471761280033,10.008835956756476,0.6207240596373149,2.866624400138208,1.2982924362094894,1
196,9.523400160818513,-9.16409731204653,0.30021160472772745,1.9309480383824082,11.454348199200922,-0.38597196655069765,2.691181016797507,2.72033153523889,2
197,6.720904571081272,4.770011606110094,37.2421627749878,-3.541851624185269,3.179052946896003,1.0013329113257623,2.80235861054443,1.8328007700994142,0
198,11.391339265618216,11.130662398998068,0.5897478595241983,-0.9636865333419344,10.42765273227628,0.7523395248999769,3.567635861011436,1.640316997050133,1
199,5.0246115106767855,2.7946800714660256,8.498217659020694,-0.0039216267999144135,5.020689883876871,0.29870398235666634,1.6866614622246534,1.6947759516834395,2
200,7.188799704455164,-2.8805486697042153,13.002466473251257,-2.159756026453371,5.029043678001793,0.17181564480050288,4.963750578786889,3.2070124454418663,2
201,7.571985565822522,16.533080997726152,38.96564204846575,2.388576805202715,9.960562371025237,1.8854180807217795,3.2784976955758354,0.4626606914475469,1
202,8.763604936920139,22.925765515508115,6.750024335378357,-0.2784734389180243,8.485131498002115,-0.9578917946006418,2.267453148537138,3.632696920371801,2
203,12.523277788815317,-9.208502122986822,-16.033320567129557,0.4760237239704027,12.99930151278572,0.27574101488574915,2.0510004967835265,3.647676412551481,2
204,14.97004129526358,15.006484249664974,20.527484896329078,-1.183263197726199,13.786778097537383,1.2536345179188801,1.660940035691246,1.0580618304917349,1
205,15.166885973690379,22.520443861894385,6.9284488764094085,-0.9160736352201799,14.2508123384702,-0.5291954754736464,2.8080968474905883,1.5174032436126106,1
206,12.418778135399352,0.525162647085681,1.0627974615423061,-0.1764339693675725,12.24234416603178,-0.7472631659543795,3.302943698353555,3.22841625527923,1
207,11.319081603250904,12.637883674822955,-28.705125741433875,-0.7159838820788516,10.603097721172052,0.2299282246602981,1.10060352797067,0.8682510247287918,1
208,2.9903533995257146,-25.942832976580537,-35.04305837990602,-0.830687621521362,2.1596657780043524,0.2914347002385653,3.5820185379602587,3.0135759846359407,0
209,13.390358938004578,-6.519058349151845,0.2506786888200785,-1.3850245191316044,12.005334418872973,2.9292406263153095,5.911053728895292,3.582805337651717,1
210,17.88683970062539,18.047700468073977,2.7492832755199075,0.8910654901565059,18.777905190781897,0.5114830653049202,5.040288590985207,3.004108590470655,1
211,11.358629297975906,8.040330702115098,0.28221267573932884,-2.2281235570688525,9.130505740907054,0.5076393120566093,2.511394514584051,1.8459354351050234,1
212,10.702117944289109,-7.295990878884324,-14.385322568331713,1.7494689166463044,12.451586860935413,-1.192576339523127,3.0441227785000344,3.1317875879484616,2
213,12.096087480557637,3.8475764098498626,1.559801766259362,0.5544088629193504,12.650496343476988,-0.42279839356287935,3.223250576782054,2.167828625274555,1
214,12.185885756418221,-15.82719092947776,-6.353863533286896,-0.3555371196166541,11.830348636801567,0.21676186256204008,5.321613942258432,3.747641580734501,1
215,10.404749004541545,-16.013462223965895,-10.736823457086196,0.8885145670599573,11.293263571601502,-1.1505058263943602,4.643136264548471,2.7563702796893574,1
216,8.878552401859165,18.67714636406644,7.652571095036815,-1.9972868276578133,6.881265574201352,2.4413085937605277,2.9211119811210593,2.0970145418783095,1
217,11.085277629007928,7.916514764664012,-12.215733519301487,-0.27091524065963274,10.814362388348295,1.1501634942675174,3.3074633069495074,3.1989733205637787,1
218,5.884632371364085,-8.590810903605396,20.339443110149993,-1.6624690560340045,4.22216331533008,1.3096832020061602,1.7898417136463036,1.7697773695038768,0
219,4.352720370114161,-10.221397544217252,-7.33064597914634,-0.11247998192132791,4.240240388192833,1.353121315114975,6.046894201869323,4.2242200333549125,0
220,14.082815922164523,10.023688364766063,19.66962954903561,-0.9747905496356688,13.108025372528854,3.5591772653425133,4.423936426801345,2.7923375240043207,1
221,8.625816008992603,18.53550328528776,5.344838162344859,-1.755097062551686,6.870718946440917,-0.33235279086138353,2.874429625823863,4.008821909978477,2
222,12.147866429322876,-9.255762317521956,7.434742424425496,-1.589757197811776,10.5581092315111,-0.968941412494739,3.3699930078568774,3.2132177947321483,1
223,14.663781968348898,7.707586497644721,-1.2344532916201358,0.4255082906335661,15.089290258982464,0.15173134512840697,3.1822926151772832,2.2173656266595954,1
224,13.660841048823421,-3.4574469855385517,13.475881428556704,-1.167136778277009,12.493704270546413,-0.6698036848621712,3.2684093287396356,2.321887316920821,1
225,8.339821874026578,29.517134417531828,-23.0944897930233,-1.8765596354384126,6.4632622385881655,-0.06889173948129915,1.4068680765126518,2.0972323353230164,2
226,10.97426208853173,0.6462668410653027,-21.658670198739596,0.13342898940125456,11.107691077932985,-0.34125286144883354,3.037659597911918,1.4495068276200669,1
227,6.501739066021806,1.1181776785836257,-2.593546068830836,0.5424519101924025,7.0441909762142085,-1.5932875100074606,2.5549692027184707,1.5966227266847737,1
228,9.686280695748021,30.61021703130616,10.1592186124176,-0.24383996560245658,9.442440730145565,0.3453865248043177,4.175305950683714,3.415205577741277,1
229,13.13805085302499,-15.913469866925102,25.44835427646881,-2.0007368173084936,11.137314035716496,-1.2446970057055455,2.846591316318519,2.2190782000101477,1
230,10.096078721087997,-23.11290808486102,12.465285572286996,1.6661489775355949,11.762227698623592,-0.09533696987182642,3.402659832738899,2.4343587810812948,1
231,1.4458921068198354,27.283462335378577,8.111246942209473,-0.12222191717788491,1.3236701896419505,-0.37312366692313675,2.1746396415784863,2.7007485970806524,0
232,3.246209778869981,10.969949184301054,10.29081523180096,2.0885426486504723,5.334752427520453,-0.30356617776060896,2.4831275774398804,2.4543404647017506,2
233,7.595243288291152,-1.679784482762378,6.682772424286854,-0.20368886228575092,7.391554426005401,0.589835890290937,4.124202857184807,4.018451905883197,1
234,13.999724977896662,-22.10286223534853,11.007513129866545,1.3566743517347204,15.356399329631383,0.05047034616466577,1.8809490676055283,2.829446498975225,2
235,10.597255783490061,-9.8860335285341,15.20750154748271,-2.530927409950774,8.066328373539287,0.22377177003417648,4.581392351106178,2.7900545790327174,1
236,10.423819372036654,-4.325664853040068,0.9343464239896564,-0.5887391806529743,9.83508019138368,2.532723343632781,4.005359672983786,4.612535581768073,2
237,6.052098449289283,-2.70820712852799,-9.670707569296303,-0.7191013422679606,5.332997107021322,2.2799287090851266,3.5728981525085195,0.8757529467754841,0
238,10.439294954404733,8.4658396936595,-1.3804484622538324,2.6031162345752437,13.042411188979976,0.5805900609879714,5.856624770658062,5.050021339303245,1
239,3.1744830646513655,-15.171143407810714,-4.4283964167778525,-0.8971497133089366,2.277333351342429,-0.5969282681104637,2.7820898996058014,2.177153156767385,0
240,11.025496549860547,-2.2646614393943736,8.408210952178788,-1.8975571490548062,9.12793940080574,2.8710071370405896,2.4422784916175466,3.893155106826856,2
241,13.537721114855977,3.433909952690313,-4.637456967771877,-0.8462457419529411,12.691475372903035,0.33268714023471985,5.498380117374337,5.388319511482681,1
242,7.547238019000977,4.523108458765068,35.91996052510481,-1.1711037518651675,6.376134267135809,-0.44797103312733244,4.2552102048007026,1.052058124885135,1
243,13.253188233086387,-3.7878228671279874,-40.086347328094334,-0.08613452663003923,13.167053706456349,3.750305941587109,4.750537089267228,1.0851092348229376,1
244,7.84031385488602,-16.939615356747073,-7.643394805891804,-1.5356780914782653,6.304635763407754,-0.5989032602027909,2.089067617946432,0.7128455304325771,1
245,10.442124259758227,17.920492275873322,20.530185261639613,-1.4746857037333667,8.96743855602486,3.1215759874339875,1.6950633204347465,0.1738822891368006,0
246,9.592191540240158,-7.214016333815133,5.4437152196972605,1.0795070729477128,10.671698613187871,-1.266073501736176,3.0953813201354223,2.770346994443002,1
247,10.281602564466718,-1.4868507475710737,-16.700887211551926,-3.4315334940976117,6.8500690703691065,1.5375812310163586,2.6738086799235976,2.0806152984445268,1
248,14.580861205402242,1.3564166180034185,7.559867574230263,1.0311687624424888,15.61202996784473,-1.2550920448658713,3.1801703212917434,2.122111073514625,1
249,12.643647904176435,-15.949013535705292,5.586736559143152,1.403646493286555,14.04729439746299,0.8614210347163659,4.837711796229613,2.594867963548386,1
250,7.966835658562493,16.995750185589728,-23.681587633403776,1.397069996937272,9.363905655499766,-0.4299876796938837,1.0645202616214222,0.38524924764441926,1
251,1.7051133209324867,2.8993161438046933,13.847010865359366,-2.5264659643031884,-0.8213526433707017,1.6611022505099258,4.422147417331345,4.221048264962192,0
252,12.684410133190692,15.479721593665927,-14.665405820923926,-2.2603160070565966,10.424094126134095,0.8624627426910974,3.635554498579581,1.175027732628531,1
253,12.291728582313846,-5.795913140601261,2.612217975687736,-0.23900029505254572,12.052728287261301,6.303381335592831,5.766822236520012,3.9106677943084946,0
254,10.496534583143724,15.919036414756796,31.546996862362448,0.04055972861425356,10.537094311757977,-0.9637229619555788,3.15638026333927,1.453560828159822,1
255,8.325427693072733,3.4453126903874676,21.306043142091045,-2.3950600578554786,5.930367635217254,-0.37673843071850405,3.604925067660087,1.8028193392790384,2
256,14.795223517970483,-2.598642796118788,-3.246740843124533,1.6181356923035723,16.413359210274056,-0.6325709576420532,3.509993310585612,4.4037989957619885,2
257,4.638364404656167,16.300691282742704,26.59930152108004,2.4908342731701136,7.129198677826281,-0.9398886955081297,2.797676062507456,1.7806395263224373,1
258,7.646864974101792,28.282753343903863,-8.724414811195713,-0.9868136586929936,6.660051315408799,0.6544490019969968,3.5786161805511725,2.0281318180489025,1
259,5.600964140543453,-15.016332474533932,27.139879912536486,-0.5621714311309506,5.038792709412502,-0.26983241424074916,2.6368209658466073,5.84271322812197,2
260,11.113921279954507,-31.82169042849368,-1.138368949451337,2.6585175463394943,13.772438826294001,2.958677126615521,6.635097255597678,3.263944618685527,1
261,8.600372444795411,-9.274194370251696,23.157162111427184,0.45323801608475905,9.05361046088017,0.31089031340759776,2.789276629578739,4.0233176602228236,2
262,16.333571139122697,2.1053848976282654,10.09828804427831,0.4314389886352206,16.765010127757918,-1.3114532184308636,6.39712943736513,1.9259822961678985,1
263,10.053419296995573,2.724586685703929,-1.8173786680485051,0.2473904078672809,10.300809704862854,-0.6748594868687815,3.785081459157847,1.929079686818667,1
264,9.283578986222512,8.806677797397825,-12.054761784143986,-3.045359106080438,6.238219880142074,-0.7272694670979857,1.651989706056843,1.922604489416809,2
265,11.718101201931695,-15.61743231761094,-4.459220496286153,-1.5634894685579812,10.154611733373715,0.7644331296761436,8.046027461512828,1.2861343580278635,1
266,7.803409567092134,-2.909944728756794,-8.933560706827,1.9475483848037745,9.75095795189591,1.3378831692571065,2.7416939284669564,2.3485510241629632,1
267,6.7482722566276045,1.6768154670358963,35.20191459720631,-1.7576999461412701,4.990572310486335,-1.2024256199972645,2.8348443438727813,1.9154306345546537,0
268,11.605017920242089,-4.048939930994498,15.567350766240702,1.6139485709012407,13.21896649114333,1.8479228194327604,5.04841846424384,1.4505629292501079,1
269,8.532944816171469,-4.531390671964613,19.561172092733553,0.9226616158092358,9.455606431980705,0.28785101864493745,9.096315519725952,2.5256222460942874,1
270,12.9279236327724,-17.252437129050822,15.527214109797038,-1.3571512608093403,11.57077237196306,-0.924398128919726,2.7689179834751205,2.8374657797279665,2
271,11.004339879422758,5.33224685820146,8.225711386671573,1.1242432187349851,12.128583098157744,0.04003408347090044,2.4216519781682435,3.197217352901049,2
272,10.349263090060223,-18.94963955626387,-4.963625908951534,0.7665701911536229,11.115833281213845,1.1768248704184185,2.8825075205679953,4.036289974455773,2
273,10.205351100429109,20.465379016690992,-20.9382757348463,2.851146763436279,13.056497863865388,1.1940847928768374,2.27662498178126,2.4043798079489047,2
274,9.74106905033296,-6.111917380819724,8.837535190504518,0.22907410684464496,9.970143157177606,1.7438107134184695,4.2163829343167585,5.522395594944825,2
275,11.222585567626421,29.50436463833032,20.130406609729157,0.22346934386129735,11.446054911487717,-0.7468252253158082,1.6147622703289166,1.9991521487661712,2
276,8.80832204871096,20.572287253616672,-5.005922519555277,-1.6822669282695748,7.126055120441384,0.5515771227536135,3.418191114525436,2.98320224946038,1
277,4.126885898830669,2.8691606165319095,-9.174381998686378,2.8884188902615167,7.015304789092186,1.7775971374092545,4.637624930180556,4.434986166816687,1
278,10.233400288392653,-4.640381740168833,3.64676233869033,-3.3203825324235705,6.913017755969083,0.25005232105389613,5.180733044224496,4.200635365302492,1
279,8.618208607159385,-11.399637138806188,21.737070508558954,0.1803086592091455,8.798517266368531,-0.5575787581049837,4.299068135498179,3.9583079424595726,1
280,5.869238230040517,0.6220656296669179,-3.536666282275103,0.5476386053930659,6.416876835433582,0.8976007044799045,2.2566042710716507,5.299626493950079,2
281,12.34205487554005,-13.285585551005205,20.792892646500746,0.6441161296910047,12.986171005231055,3.918068951170683,2.3217254603327926,1.4773473753914528,0
282,8.85926220728669,9.731696080149836,-2.4929654775831853,0.6698745782154127,9.529136785502104,1.0806769652198984,5.757389682486817,2.9029686807013864,1
283,4.764296504523491,-18.224329554286967,13.776525395853767,-0.11882810738365808,4.645468397139833,-0.3984923166679912,3.34433075532272,3.0651878557007413,0
284,9.775703572265785,-2.5731242312827916,16.110084383705633,2.436367450534267,12.212071022800052,-0.8324676857108249,3.426179095237567,2.772597903273406,1
285,7.975702794440393,0.061781116183109074,23.078730662399185,1.723452963828294,9.699155758268686,-0.428389118880855,5.015404059318112,3.629102835853697,1
286,4.895358304957387,-0.9820311131251389,25.609935760502328,1.483544584326935,6.378902889284323,0.6892768099166698,3.6089752553174352,2.140980524490116,1
287,10.93655995902475,11.844765250083228,-18.334645562855137,3.664219836933067,14.600779795957816,-1.0718220129317815,3.02884540042152,6.899707328452909,2
288,6.848322727546851,-4.583839153318255,25.193451508457898,-1.0432189033218253,5.805103824225025,0.09692167622556411,4.658555833199247,1.097806451821155,2
289,12.155112398260389,4.030921803766801,-6.00474070140422,-0.31898934644233823,11.836123051818051,0.11307123399256037,3.166034706651881,2.2412888248195295,1
290,7.307531677328414,1.2539123309820277,19.171692184278843,0.2759986508611717,7.583530328189585,-0.6019285787507632,4.840675343419181,2.7984227275572393,1
291,12.931139172222998,5.582430862811041,-0.9205505839290922,-2.0339323677408125,10.897206804482186,0.581461063373511,4.2417800946436355,8.036916132235284,2
292,11.276270479920422,-25.42840451490771,27.13540409866194,1.8118138176912162,13.088084297611639,1.164910812356005,2.4262292373496894,2.3089841687337644,1
293,10.325829689482058,-13.948488390061428,17.84886371210753,-0.6337896424339117,9.692040047048145,-0.5525891239467734,2.83192920229498,1.0286274536976707,1
294,7.7324938408336825,-23.27776060148033,-6.338121677208402,0.1567788006657797,7.8892726414994625,0.1101684842527202,2.4175687916641175,3.8037541407659923,2
295,12.714431900182715,-13.0387653270127,14.79721225710106,0.6001785941688011,13.314610494351516,3.011325736898676,4.506579634257953,3.3921213792015292,1
296,11.510666576916181,-8.71230622566618,10.480506880215612,-0.025203896605728773,11.485462680310452,2.7285135187241654,2.9942343120776016,4.029071198811652,2
297,8.912802220468887,26.11731815650914,3.845058134418599,-1.476034232338049,7.436767988130837,-1.3091447874452795,2.7684496506528853,0.3753203088211633,1
298,11.741911901490477,-13.356253625548018,-2.747899953097943,0.47731831791197665,12.219230219402453,0.8297624456340422,3.3903734203755986,2.8654086723974306,1
299,6.923253612881062,-15.123726147856408,14.570403859711117,-1.705023326298169,5.218230286582893,0.5235651067926659,3.2217703769594825,3.1629460661281197,2
300,6.160702437569671,10.444807400583473,6.543178852385208,0.04142346085256356,6.202125898422234,1.913506629181303,1.4922513701057614,4.168197056795403,2
301,9.713300601536256,-15.911771858162101,-30.97511007574338,-0.6280418944608883,9.085258707075367,1.2319444752572526,4.548678112750606,1.0927944382620083,1
302,10.213350326879842,-5.361745506833336,-2.939783459468135,0.8751286223673427,11.088478949247186,0.2679827835908637,3.3122322800198534,1.813468702913533,1
303,11.283719777866267,-14.693169274250803,-11.473260555464508,0.796122996018356,12.079842773884623,0.7892984209694985,3.4962091669617648,2.177218667485643,1
304,10.195140462981197,-5.688562065644566,13.763702883834663,-0.44152042155144106,9.753620041429755,0.6492358051633125,5.5272920209176295,1.5896230983553705,1
305,13.722140408602126,-31.38335937663448,-5.486673733350995,0.9357903591520622,14.657930767754188,-0.20861280427195525,3.576984577553942,0.961075307686921,1
306,6.1284890467854,13.470348684690206,-30.706096310521453,1.0351498973926676,7.163638944178067,-0.635285252138331,3.5552929263376027,0.7411586041665035,1
307,11.704978793132042,-2.4210323062713552,2.4691919851234294,0.9761447116544164,12.68112350478646,-0.16805101405493167,4.753822928260164,3.325119748110318,1
308,10.67692910939522,1.5482801308858525,29.256763431392226,-2.1743949112006673,8.502534198194553,2.29908088222627,1.6125065872654392,1.5127095755027102,0
309,14.068632886970086,-0.42012599512608684,-8.355803085291477,-3.8545091003596115,10.214123786610475,0.41187012629790093,2.8593615415125715,1.6265873835137201,1
310,10.374747789831702,-6.750296499694366,2.6003806602916737,-0.11350801555125567,10.261239774280446,-1.3463927983633208,2.793916346411782,3.0752893882931525,2
311,10.948911329385426,-13.776261032953169,-21.176473516208695,-3.394601166787445,7.554310162597981,2.296713677535152,2.448110702582231,3.5033907356515934,2
312,15.283851856881903,-12.118874933714242,-2.2916835743766892,0.4543246451604515,15.738176502042354,0.34050660212721623,5.436986308893033,3.035667638434635,1
313,12.388872870691623,24.80027667946618,-7.586448957312168,-2.2892875666166863,10.099585304074937,0.9727859353992466,4.3124875582769775,1.005552843671823,1
314,11.82566719174334,-9.089540418471287,-18.720687639476093,0.6274568984976548,12.453124090240996,0.5620727669891973,3.072190156641426,0.8731138955279427,1
315,8.829600683980994,20.10103295436085,7.519964036287421,-1.778257428030441,7.0513432559505524,1.8998476738489107,1.4292256519241526,1.9654843325490634,2
316,10.416850010127968,12.08255344137211,9.048735702061238,-3.077902834518687,7.338947175609281,0.03562255753680042,4.281233485522712,1.8566406611389494,1
317,5.042761619192197,-10.682467677606299,5.115385934644001,-3.032149525163334,2.0106120940288625,0.6266453705906445,3.0547225921180137,3.403604558353953,0
318,7.468823816240924,-14.826328934076368,9.102753181605923,0.27611963500751974,7.744943451248444,1.0275311497733197,3.4876223640697135,1.5211062671357016,1
319,11.940980031464992,17.970201807250362,40.763505190999474,-3.1118390672442517,8.829140964220741,-1.31057223679182,2.10928493685888,1.5658412407236202,1
320,4.662494219955963,-13.281194422051925,20.52292339921604,0.8813155228665357,5.543809742822499,-0.8206662665530376,3.520723249316351,2.0525390064334528,2
321,10.278675927606722,13.179011301335365,-15.454611285727392,0.3000835249835318,10.578759452590253,-0.3366326123391804,5.22267996625723,2.199591099692329,1
322,10.053502857642144,3.66555562694616,22.445653345514295,2.1273179051545297,12.180820762796674,1.1484807782929645,6.729893199713782,5.289837548702467,1
323,11.167296353018946,-9.425596593807736,8.623142566555092,2.027883595102602,13.195179948121549,1.0607097669482846,4.0773164618903674,5.669303355816583,2
324,4.9111070434253286,-2.3751885182933616,7.298159883667198,2.1967895418213397,7.107896585246668,-0.7556013054438034,4.028046054471215,2.976165973652536,1
325,3.9074170218619075,-10.920455717856655,3.3776412032644565,-1.7904569265846781,2.1169600952772294,0.19735772304644297,5.033962933158669,3.176973637376898,0
326,13.328686276572213,7.215628051686436,-6.0898355957694985,-0.6986747623752207,12.630011514196992,-0.5788061608339977,2.9304886291648216,5.970591051787086,2
327,10.33215935674725,-12.37902777167181,1.0291023742548746,1.1706457269663466,11.502805083713596,-0.5554286505065228,3.6985953500262254,3.282316051959854,1
328,11.2304862337622,-7.516592925795026,2.5472214682610668,-0.777642338725842,10.452843895036358,0.2774873150233955,8.96933063656728,5.020433080190129,1
329,14.849894551792541,-11.335152636981945,15.446238172354677,0.1840062538480481,15.03390080564059,1.6628348191282172,3.4553773853250225,1.3779584907770144,1
330,10.521514143072697,4.070032174488939,-19.141028961204693,-2.03998068748026,8.481533455592437,0.07822941760380331,2.9316104335153934,5.296179471988321,2
331,4.107553346516388,21.84802339441435,-10.483505066040447,0.7450090803459675,4.852562426862356,-0.3000687224753034,1.6529497845541496,2.9012089791233926,0
332,9.06373491590439,-5.068980061434145,19.261472610601754,0.030940137985900333,9.094675053890292,0.008364870614296171,3.173134779230587,1.4086635145353226,1
333,12.455123016096316,-11.907060351109006,32.92474523769377,-1.6594082544110038,10.795714761685312,4.449662912163345,3.1090565657127023,1.7739219279157445,0
334,8.723767551817975,-34.89680480398278,-41.32981180287149,1.9498951548436927,10.673662706661668,0.2584194372336562,1.9618945817253761,-0.4588455343414738,1
335,9.091384328534076,3.3551121812220517,-19.533417061463243,-1.761322223231672,7.330062105302404,-0.36644402143436794,4.390905408316955,1.752028828808196,1
336,8.195327607750539,1.2169461712537708,-10.639296953844509,0.8584528317769223,9.053780439527461,0.6699021141087771,3.1181262513948074,2.3243038728122096,1
337,14.40362665514752,-4.51337133170823,6.338886511525797,1.7056143218380888,16.109240976985607,-0.34262289696438714,2.9832150050288346,2.833201070214791,1
338,13.729906706884147,1.4958597134466571,-1.8039838516093267,-0.06180539900976954,13.668101307874378,0.33664208716909294,4.466930145704506,1.8854833830464788,1
339,4.57059273472729,-7.122721126776909,-1.1939998989052896,-0.12920875912001667,4.441383975607273,-1.3311385788944683,4.447762315441177,3.622413173810283,0
340,15.712860571419418,-10.271188250886196,19.691355953769634,1.5704854167131528,17.28334598813257,1.1073488303385817,1.6767525101068872,4.354994099802314,2
341,7.677752567342827,-15.96243493575852,6.12540591680954,2.0587035739177777,9.736456141260604,-0.11717689813081193,3.4591956598798776,2.542232880498771,1
342,16.08291717819284,4.980575583014458,-24.65012196222017,-0.12975229478147282,15.953164883411368,-0.23942170314817018,1.8085768757917526,1.25245188918815,1
343,6.0581970489502215,4.784875260725224,19.01010229851854,-0.9898356617630037,5.068361387187218,1.5842887620770176,2.566304005286673,2.0558447483060434,2
344,13.304850368303475,-3.2960802314380464,12.116860433540182,-1.7523700370778856,11.552480331225588,-1.1102811670417365,5.525802181278904,3.4053372101705772,1
345,8.30071007181912,-0.9971610675108978,4.419361946036135,-1.0567318821132545,7.2439781897058655,2.0087730427493593,3.4544385513067923,1.5269177267948346,1
346,9.532836980540422,12.82170136806612,-0.4987499855844977,2.3469184028259407,11.879755383366362,3.73267810374439,3.413710863482797,1.561103013988491,0
347,12.650122334595395,8.484044965261726,-21.28051811156773,-2.748489011800246,9.90163332279515,1.3233973453578167,3.74416362718014,3.0611529653741587,1
348,7.78103095388529,1.5050770131057183,-24.586940772904484,-1.0841159522791552,6.6969150016061345,1.6839438714651542,4.451222660345058,1.1549704347421577,1
349,10.945938041298609,-6.2377857862847765,-8.249943629230978,-2.1605798514422987,8.78535818985631,1.0898634106118708,3.804418084554688,2.197236417079912,1
350,10.922392646192067,6.211719652062126,-4.3398625082012146,-1.4991827094013284,9.42320993679074,0.18504721316842518,2.7648811300382836,7.660651365687048,2
351,13.573798249178893,27.893324135472184,-3.8980647889331657,0.10665636287300753,13.6804546120519,1.0702314999128126,3.7719519494061458,5.241338358273303,2
352,14.099971560363489,-15.909372187589758,-29.279156697785908,-0.16908139345684045,13.930890166906648,0.2280336370953677,10.280330556263952,0.008097286286850913,1
353,15.637043153870648,-0.37886969164465556,-3.027522054887962,-0.6839019701796556,14.953141183690992,0.3287762468721127,5.3176944160300605,2.346116137701924,1
354,10.911610495726801,11.546315869386536,15.10263096624725,0.06416093421019042,10.975771429936993,-0.23150545599741632,3.349672046405999,1.7603417346652632,1
355,11.22616504230204,11.539381517727511,-11.818221126358441,0.26673168420984417,11.492896726511884,0.7157192570641139,2.80778768169309,1.2626506390796042,1
356,8.294218386860631,-18.647356738396127,-4.35242529310935,-2.431009556164641,5.86320883069599,0.6209950901220034,3.8581146140574205,2.744385503797645,2
357,7.699354541766425,-13.647802302712446,4.010076408631484,0.15262145782815772,7.851975999594583,-0.7332356652229013,4.14819624189437,3.6988986483656956,1
358,6.036490182457206,-4.499270620844713,12.708065319662595,-1.234469486796528,4.802020695660678,2.2401250651164517,6.417841346513608,2.5333217487736066,0
359,9.32114955976179,-7.8927894212454595,-25.79369656216427,-1.0430013797654512,8.27814817999634,-0.5002637801825367,2.353260666205085,1.3565537798197258,1
360,10.469207174932995,10.275861508231547,40.59209658544947,-0.9380387469379745,9.53116842799502,0.5753263912981176,1.6050971192222758,1.1500384885728399,1
361,10.060651132376549,9.574830577919693,-21.37302869706105,-1.9833324162436434,8.077318716132906,2.617351673176894,4.072798039175151,3.8187904835807815,1
362,11.719966365997866,-22.31937736343891,26.033778193934292,-2.841368297660857,8.87859806833701,2.9312218158601433,3.3153289900886453,2.7822453865843806,1
363,5.931412111717539,-2.058666324950005,1.8325560264808558,-0.2558827469549713,5.675529364762568,3.7176661773819384,4.470368675277657,3.472543916094214,0
364,15.197812408540791,-8.62386358035097,16.88359219517286,0.630465332805355,15.828277741346147,-0.1430640158140938,6.210040771567728,3.5145536331455194,1
365,10.921327400656729,3.1537365373224664,-16.078669330293256,-0.8110733345778391,10.11025406607889,-0.8861648958091364,3.6512861896572417,0.966334788502027,1
366,13.279611033012753,-7.542790719301261,-2.3509404244580185,-2.129571624500426,11.150039408512328,0.8385686785270258,3.626165475821531,3.492497275620442,1
367,11.035742585079525,-7.130546896240309,13.136250590674594,0.47198270518426955,11.507725290263794,-0.5270613305405657,3.2858318839668046,1.9370713613430177,1
368,7.370455508768838,-13.090955237413885,-4.44982522781826,1.8057893034678005,9.17624481223664,5.080576096111568,4.746663418002625,3.1596630437909594,0
369,9.02240414183292,24.638212977487562,28.091507673023216,-0.2089346239760495,8.813469517856872,-0.09124565695347822,2.053044759302565,0.20740834329121927,1
370,0.10515590350062665,28.517901892662767,8.275845620898306,2.5704230538879624,2.675578957388589,-0.43974431234806133,3.260368145770933,1.1196235735222733,0
371,10.641555097110553,12.592707603874926,-9.966808603957212,-0.5262783984710574,10.115276698639496,-0.4102374252785361,1.7415007827944526,0.6519777533265871,1
372,9.792081820332214,-10.502745138736637,-20.330048555628764,0.3554289472588995,10.147510767591113,1.8598033050139033,2.725161292619296,1.5761145097700793,1
373,13.639043535418338,7.4652295684866505,12.773167720204002,-0.23365220400030645,13.405391331418032,0.810105292456257,2.793579356058275,0.7895677503216412,1
374,4.732119258150564,8.960567701318961,-2.898229850496093,1.1477206343975697,5.879839892548134,-0.147070775978578,2.0700036027322968,1.5203467508251178,2
375,9.764244240753445,-5.670707061656353,16.31042709876194,0.6640143497918162,10.428258590545262,1.7859396605604885,4.1320707641972465,3.0209198525004006,1
376,9.083777333482011,-15.099867475427192,5.120340337509749,1.357417871397583,10.441195204879595,1.5442085955161633,3.2357435903182825,1.612583936737478,1
377,6.210437722080677,18.494436186889235,10.055180452960455,0.21603212106448022,6.426469843145157,2.12261044099982,1.8635004379903393,2.3886113343181345,2
378,5.595521232484136,6.181956249451589,9.767170600250061,1.3576921790321201,6.953213411516256,0.5266242672168501,3.6864675549165846,1.3627053272657057,1
379,6.473481330054691,7.188555433063473,0.047850766950859436,1.3726773626552309,7.846158692709921,-0.2459325484046755,5.718616886338646,2.840072075765317,1
380,12.951663131030081,-25.11999320290004,-25.94457618743672,-0.3139240085550088,12.637739122475072,-0.6240596982588318,1.8910601919247556,2.088413123968583,2
381,12.955885139865327,4.123036950240674,-1.4767268241959686,-0.6651475917174591,12.290737548147868,-0.8128408264918169,3.293911758826756,4.195867349534597,2
382,5.680161966976969,27.29803664797954,4.2244054980063535,-2.8898643392820706,2.790297627694898,0.8614253420296158,2.416157089846104,1.5281913293851765,0
383,9.499804879691254,32.49971926105727,-10.387033903599539,1.6900499446161352,11.189854824307389,-0.04050237469791349,2.6061325865056304,1.4030577302525142,1
384,11.420164365300222,21.81484065958565,9.739917997013805,0.40860179781139705,11.828766163111618,-1.1720017533942546,2.7458802112974405,0.41696586412693626,1
385,10.976979685074495,20.635304258440183,-10.380124855319584,-1.3669161998722394,9.610063485202256,-0.4609312805338507,3.097029039961702,1.6558342744368586,1
386,5.444568028304489,-11.417746313996151,-5.665844992097988,0.827522186575414,6.272090214879903,-0.5604023560811459,2.078837392950711,2.645557365184321,2
387,8.194976888881307,23.016085673064275,9.980466513397586,2.600032050962288,10.795008939843594,-1.1922179860316542,5.817487149722773,2.356870289759324,1
388,5.6927932086181,19.316728249200466,-13.911466307920154,0.8828395338594375,6.575632742477537,-0.19576560736430698,5.035276557300538,1.4557913168310135,1
389,13.049233237663149,25.369932967081734,21.268898403036346,1.0785364847058816,14.127769722369031,0.8292571401109923,1.968513443092465,6.545623944765904,2
390,17.785917367812896,-8.870052019404254,-8.70947151045435,1.6435888839532258,19.42950625176612,1.7921774126926475,2.094351198808044,3.960027752058756,2
391,9.850387034026399,-0.537079995874772,10.641710489864742,0.6724205461645267,10.522807580190925,-0.7063907445146083,5.2712798355037584,3.073189495909636,1
392,3.5629526815845756,-2.448145116167711,11.71596203350414,1.6751352755201419,5.238087957104717,1.5839715253362927,3.4551796945266755,1.7617891211619918,2
393,12.455688763536124,-17.367224363722578,22.15781823326929,-0.8570425862090996,11.598646177327025,1.8683854047661703,4.394794880369954,5.2217340800795755,2
394,14.670508101442687,18.04073817883797,15.53786633605825,-0.26991627750468866,14.400591823937999,-0.2750857873121993,3.310983598416576,3.2561868467144697,1
395,14.436016727691928,-15.324706547665555,16.739424925763494,-2.282943058161995,12.153073669529933,-0.33243754929753905,2.8171083719996215,3.6974981279580996,2
396,10.493921006601333,-16.497562221483058,22.983878556496137,-0.47949303820424405,10.014427968397088,2.263711134509209,6.357390121913424,1.4391058928325329,1
397,11.58944551495324,-18.727788090183203,-0.9260794155305749,-0.27936034646020513,11.310085168493035,2.7579388980344683,3.04198516426976,1.7041659031588243,1
398,10.28456027825061,12.685387205136811,-13.575387332020988,-0.6614116526422797,9.62314862560833,0.3851208210175971,2.9576287521094557,2.4440498001095716,1
399,12.161667514631418,-28.5908553013346,-5.794505279923751,-0.4261012136174782,11.73556630101394,1.1370208258089023,4.404157659924661,2.1273881971286106,1
400,12.82424288970007,-7.164084447048968,-4.914263130547736,-2.561130628878092,10.263112260821977,2.659068860581485,5.614028062210925,2.989338363674035,1
401,7.739267308065407,1.844820194102532,0.8165627742830097,-0.0925149401557171,7.64675236790969,2.0830858461527026,5.2803130894125685,1.6003239891762489,1
402,8.240476317991185,0.7412441983606151,-11.230225484361954,1.5189121446812506,9.759388462672435,-0.8100870769787202,3.4730312528513236,4.264732582661612,2
403,8.97499157978657,-6.945871546619474,8.147396542192961,1.3451600512777457,10.320151631064316,3.146530112019745,6.429066457691731,3.7296873887328372,1
404,9.309101361534877,-14.395325484604108,-15.51513687241982,-0.13585392153987866,9.173247439994999,-0.6163160000710147,3.5653976223627777,4.440896779021667,2
405,10.575191897719904,-1.0659670431473034,35.31799273495926,1.104383969140516,11.67957586686042,2.2665774870863986,2.5765587368999885,2.038389079797569,1
406,13.355977343414871,32.38201537517775,-33.82794799351436,-0.3266184581736153,13.029358885241257,1.6162215384623277,0.5319230369676551,0.4973417419309727,0
407,6.080289851555642,-7.164924944786239,-0.6480869594598175,0.91992482808505,7.000214679640692,-1.5597739267028596,4.630085656013474,5.181460110421561,2
408,12.755518113149446,-2.407406618187943,0.716566257701805,0.6462117868717514,13.401729900021197,0.48318517392253213,4.050411828257936,3.684583838893303,1
409,9.40896662207104,-9.623534787265209,-1.5365514402307552,-0.14377771023535516,9.265188911835684,2.447936256642655,4.028274826867048,1.7505587783032985,1
410,1.401638733926863,-17.974261077915546,-22.758970205771742,-2.721027672012191,-1.319388938085328,0.160948808144659,2.080422833040272,1.8286160923302257,0
411,8.803871639645914,-17.242208738215954,1.3909891439147648,-3.2368415180649546,5.5670301215809594,-0.8198109769824545,3.8541546330567193,5.12127454904842,2
412,9.181340726566745,9.147940220956743,36.89491261156534,0.8332314667286611,10.014572193295406,0.2830763718840115,1.2187924052763792,0.9209462252648535,1
413,11.644630370117483,-10.547621474454418,16.30070685976593,-1.481555143647542,10.16307522646994,0.12106215415014952,4.723336968010539,2.739545655676616,1
414,11.768678230260576,-1.2651623335632864,-3.9533119585021153,1.0836103666378436,12.85228859689842,4.123410246587528,4.612360573196128,2.507851657549375,1
415,9.980903303169795,9.887376600159254,-0.46281766324600593,2.992496294120727,12.973399597290522,2.9273195336465268,2.4867618062264367,1.344908703945348,0
416,7.556667704679801,-11.834812741578093,-9.222618449222084,1.1639709499903856,8.720638654670186,3.3425315595658653,3.1631508300387488,2.805483454353204,0
417,12.858301454981671,-14.94241573784731,-14.469319204495442,-0.332052534776551,12.52624892020512,-0.840425108834359,2.9960383989403123,4.706139551544345,2
418,7.968608919458319,6.503080476221629,4.800771704823424,1.4663254178793328,9.434934337337651,3.3744003952483577,3.3495270894957083,2.2399108905577876,0
419,6.434657925381264,-17.00677947804177,-20.652020304238178,2.3725453214249637,8.807203246806228,-0.07562734615727071,3.560773108780678,1.2279463471277272,1
420,8.075522519455474,13.970271954291025,-1.194646574775169,-0.05046429528194764,8.025058224173526,1.1324196055890392,1.376351348524911,1.5849001237065636,2
421,8.384186962840449,-2.337584748853991,-0.8163368974262073,1.825175972760941,10.20936293560139,2.127448396766537,9.25540390169466,3.406971113493702,1
422,9.657662360823734,-2.315981806679594,-11.991261218136051,0.3905630372510436,10.048225398074777,1.3332017127874272,3.3808101876013597,3.044996683838618,1
423,8.656139715344924,17.014936297541155,17.825181240755082,0.7203806230110193,9.376520338355943,0.1342563530581731,2.185418535082026,2.518148618888412,2
424,8.906886905272383,1.823567140985268,-37.21747822092413,-1.5944184005001922,7.312468504772191,0.4713230863079915,4.974032074820653,1.4208407951980004,1
425,12.224871601860322,0.34357363238951794,2.3779620526948397,-0.36483069499988624,11.860040906860435,0.7973161590152672,3.8023159445212555,5.779090199403965,2
426,12.389502249723453,9.087200495735377,9.073718806754336,-1.1799275918312284,11.209574657892224,1.598512420996582,4.043180969470514,2.7026439372911892,1
427,11.598557540034458,18.031312115885914,-1.2241607269332708,-0.4425562453665376,11.15600129466792,2.2724710422252836,1.8927859207246924,2.0313494758879242,0
428,9.071666237764067,-35.543036499425966,29.030291194637453,-1.0259091203146051,8.045757117449462,-1.1118175120510367,3.434815930717269,1.5341316382226844,1
429,7.998227767720566,29.231035365019544,10.508748634495323,1.1240387854105218,9.122266553131087,0.5719342181224737,4.356291954019717,0.8217050588193002,1
430,9.304678150801273,-24.050371568441115,14.570278464122724,-1.6004802067806811,7.704197944020592,0.5335688915665071,2.2222804908540232,2.4508012805254364,2
431,9.559915415095858,-0.7812398720474512,-16.385069684723625,-1.0758527239847706,8.484062691111088,-0.6261783932487338,2.2159098928615335,3.6676766608741214,2
432,12.524341244469012,10.799471509539831,41.61612860172288,0.42339278939127045,12.947734033860282,0.85285359549631,2.6324897679981096,0.7894171216432018,1
433,9.15934656781437,2.255931223784647,1.7524172584489794,-0.5289259984415383,8.630420569372832,-0.10373580220858182,4.858723848468882,1.6794148905935073,1
434,6.385830515901736,-16.316873788102207,-4.220074245024927,-0.9316989823657688,5.454131533535967,0.6485764394360297,2.8640373736157247,1.3058187310023524,2
435,7.48817620407802,28.010818541777585,-2.312127613317964,1.804341514806318,9.292517718884339,1.7095278816196284,1.3743102262728428,1.4129649435037162,0
436,15.292556294249774,-8.18644444821722,-5.716847140210317,-0.4489551315667204,14.843601162683054,-0.01121427143073704,4.047582325958553,1.8025333105705088,1
437,7.202017627677395,4.9309119855833785,-14.368925488781898,2.1186411011396125,9.320658728817008,-1.039633168228747,2.5716421861255845,3.661492646230076,2
438,6.208609571288828,7.0526944992494,-10.150924281475392,-1.5537960461484221,4.654813525140406,-0.5085157599149239,3.4519838000679455,1.1982283205769344,0
439,9.124991489359516,9.857497329430343,27.787605492542934,-4.3372011703437,4.787790319015816,0.13944993788786159,3.1020799483782477,0.7955991535997189,0
440,15.283195235371199,-7.79095126583796,7.136809013839179,0.09004916154513458,15.373244396916334,0.29411291357688585,5.290748661517723,3.387706687097244,1
441,10.289322254288352,13.023927203572732,12.429098141262934,0.1774513135581875,10.46677356784654,-0.792823083863253,3.648224589740846,1.530241864003212,1
442,10.877945783129906,8.028094217173065,21.73088359549006,2.2682717615361856,13.146217544666092,0.23002803544840075,4.205131961651128,0.8027021668183895,1
443,5.270311851468451,-36.49460208452546,-0.18429295293035874,-1.4816298537990127,3.788681997669438,-0.28956485773495566,2.7098633724534418,0.14021342139970372,0
444,5.503520669032508,-14.098543285943038,8.117024464474648,0.2594154258256618,5.762936094858169,-1.4330924007914172,7.580930208301988,2.595753242628437,2
445,9.992887837743115,20.681510180331834,6.077786516244665,-1.6205641606565089,8.372323677086607,-1.2739091187422273,3.729517694453701,2.3008625840726444,1
446,8.627165271549716,-8.12006493980258,11.375274150473308,0.5734323212009562,9.200597592750672,0.7273868728137833,3.5064022257939036,3.415660911413328,1
447,11.168982672179736,35.85076899236809,-1.0331271394305936,1.4633737623289527,12.632356434508688,-0.4264471216152378,2.0293604464355943,2.4767812913331984,2
448,6.692573321043812,-2.0902671856233073,9.20006631078849,0.35025270662848984,7.0428260276723025,-1.1072698002622263,3.9220620924152665,3.4360116688579443,1
449,13.159147014766226,-1.3715931860721235,16.89193351878538,-1.1651737023317328,11.993973312434493,0.1016064783034916,2.480090491666365,1.908803319935733,1
450,14.072421380985363,-17.117484595791773,-5.958768689807792,0.45180205308096594,14.524223434066329,0.3064130389036427,3.536815809522639,3.605333046905179,2
451,5.35928412092615,-35.917814246524955,3.445051028587888,2.181453626666698,7.540737747592848,-0.4049287449422907,2.505527145610468,1.6977471754933877,1
452,10.735412577720096,3.6593926111989257,-8.753536139022478,1.3221617646293709,12.057574342349467,-0.17257155301417615,2.2497011501831,1.2462119016182869,1
453,9.162329205875956,-12.783037401197529,6.304827586757025,-0.8739008012932548,8.288428404582701,0.29333491568008857,2.982072196536484,6.283442564469519,2
454,14.327819253975987,40.90512022504966,-17.212836987601364,-1.9392856174933821,12.388533636482604,-0.47262338249545066,2.090232023061124,2.697648646551087,2
455,10.677488159636457,7.108844559886782,-0.9298252499302144,0.04838781895626548,10.725875978592724,0.747040204373577,2.9874780720999263,1.8418436208371838,1
456,12.859755788226067,-37.822960161340866,15.624211159679861,1.253398992547078,14.113154780773145,0.9541819428254249,3.6323691437406023,2.180456465758597,1
457,9.771189129029652,2.062627438062424,-9.017370946535383,0.3841276909380427,10.155316819967695,-0.451357535110942,4.546128839767109,3.1475181921276105,1
458,10.942567565314404,-1.5759498128641516,-7.298896174543939,-1.1782325539677534,9.76433501134665,1.3334364523394953,6.891120263793646,1.271173643915378,1
459,16.398480183830344,20.728078877699573,-10.643642210978822,-1.2895881568290792,15.108892027001264,1.3098577778525837,4.268325446857717,1.245778241722891,1
460,16.22908288469587,-24.495377646053786,1.2683716201037383,1.030286743528008,17.25936962822388,-1.061229479227046,3.297523321442284,3.468636188174749,2
461,4.910697503772379,-10.528686507921547,28.433557158737525,-0.15146418072360568,4.759233323048774,3.0970481206878597,2.3608028940618637,3.588723208787739,0
462,11.143731100067553,-3.0343268032701003,21.948089964327455,-1.8311806047342194,9.312550495333333,1.0112955786241424,4.185115866455374,2.8930989672505216,1
463,10.723867538088111,-1.840284839135264,-19.74952002090955,-1.1753962841650591,9.548471253923053,0.3918355551611993,4.100965014094784,3.8933367799670604,1
464,6.778645183562686,35.36634098924434,-7.704445752351013,0.7819397933413755,7.560584976904061,1.2433683314050166,2.3413476302120797,-1.2374761826141454,1
465,7.695980656965104,-7.132689538914681,21.626719762335153,0.6081452734513271,8.304125930416431,0.7289296595162785,2.545280481110731,3.772211190783767,2
466,10.554814345339514,19.053117326606074,11.05864834430434,-0.7252371643290304,9.829577181010483,1.5006809969852313,2.81592919746176,3.3150198582280517,2
467,12.86800840439379,7.904413274693248,31.922437582815895,0.7348921614124728,13.602900565806262,3.7877220041316493,2.286889851045003,0.8642532639726441,0
468,11.569339230692389,25.660058438323595,16.8501206002404,-0.4899876929254554,11.079351537766934,4.249880515186379,3.067377892281959,1.5935972264866032,0
469,8.74379653561319,3.4924950377187547,-30.5713846259764,-1.7961103313124411,6.94768620430075,1.7115794217236875,3.9710810435961585,1.0202525811652114,1
470,6.81650346802798,6.279630537372861,-4.348999749794208,1.3509351322502519,8.167438600278231,-0.9916825101532786,2.926763300573038,3.046936490276394,2
471,3.720126643152798,28.08937322235566,0.7782053064335344,-0.42671673847501057,3.2934099046777874,1.5129867519602056,2.733132726015068,2.0494419213829764,0
472,14.620032402802941,-2.653212408539085,-1.8004276243797457,-0.6766685986392891,13.943363804163653,0.6116274482248188,3.4899627504245068,2.6322922198054646,1
473,8.329762381965468,9.823658672574465,-2.074489512171967,2.7917741087024988,11.121536490667967,1.4826490415595805,2.2607857544508536,3.9941150081340817,2
474,7.421706604645696,11.119511119821865,23.917532872062047,1.8246156705200023,9.246322275165697,0.5009381605316374,3.352106693893266,1.9974257667804054,1
475,11.012881561009856,3.5171137495841815,14.897889404365959,0.4909849697590184,11.503866530768875,3.8216337330282237,3.479419206637829,2.497688892895684,0
476,9.742313651969411,11.712692871141218,13.973251766841177,-2.0807552882799825,7.661558363689428,1.2382765974650154,3.3938282541705207,2.0622780841180623,1
477,9.950025414060768,-21.642779295710287,-8.189226444714743,1.2482028348709986,11.198228248931766,-0.6680354555373659,2.7511511764212364,3.059574760813156,2
478,11.971508414355144,7.23869334632204,10.179225110062083,-0.02021997079193846,11.951288443563206,-0.2563101594803956,3.1373320265023383,1.7305317805110882,1
479,8.541347091025322,3.236608786150317,-33.59020934580045,-0.8371502407680399,7.704196850257283,-0.17581246247605944,3.32756613444528,2.180372650590017,1
480,6.82692848976435,-13.769756822815854,-26.95495185246396,-2.7660515130069143,4.060876976757435,-0.8839207989243626,4.88307968571478,0.927361910957562,0
481,9.57238170352661,26.228723966003212,-20.8591687441262,2.6997085364590045,12.272090239985614,-0.14089261486449325,0.8891299263929328,4.192025369086046,2
482,10.196757977494475,2.489699033375693,14.924031596664083,-1.9953138524713647,8.20144412502311,0.9586859084885431,2.477943298519654,2.6455250987369032,2
483,6.7346984418603935,-12.856428793957276,-16.887014572403753,2.135378968616961,8.870077410477354,1.6874058735380586,2.085642198307192,2.626244252264924,2
484,6.684605160793112,-1.9237296177457766,-30.770985732614434,0.18785624095991357,6.872461401753025,0.1325383644805497,4.157394233550393,0.7774359956489072,1
485,6.85785185672072,-1.4781605854027808,-7.794041200835117,-1.5797398525760844,5.278112004144636,1.4190102066516124,3.9840820161656847,3.408139095942862,2
486,12.447463632624832,5.962433527518288,-28.296898639791813,0.8949853017377104,13.342448934362542,-0.800023573907354,2.7301824290444037,1.6273061747051047,1
487,14.153235698098468,9.765671954512195,16.89384304483748,-1.247422561521859,12.90581313657661,-1.9098543107883204,4.01009189220623,1.1770032290069823,1
488,13.82044095202037,-12.984566593037126,7.695786921779806,-1.3080729582489963,12.512367993771374,-0.7762766358680766,2.3160979308413863,3.1794050376198104,2
489,7.26063001275674,-0.7374212187719765,25.90164740754901,-0.22487768194869373,7.035752330808046,0.33722042575666494,3.4858494395188298,2.356097805016794,1
490,7.918895244787767,11.483967228224865,0.9293507891868253,-0.5494501966751864,7.36944504811258,-1.4638719617621319,4.669528960251964,2.165279003750745,1
491,6.168352513254078,-25.74147488799322,-18.132777309546668,-1.4287438724575074,4.73960864079657,-1.4649283967818882,2.9528006407559966,2.281455806862614,0
492,15.509941730237824,-6.9741528804415145,-10.539266104808501,0.09656994178724007,15.606511672025064,0.09013437548337282,4.074791038789718,2.741318116781729,1
493,8.547317937157901,-9.925130934338773,19.1171274053759,0.7443820012115769,9.291699938369478,-0.19677952229543016,3.6051845002683502,3.4047422612839346,1
494,9.887357404001373,2.8603105312897767,17.31942620695862,1.5113918352634217,11.398749239264795,-0.4587429310916819,3.338012762276984,2.866745272515157,1
495,8.572201902690528,0.3458483122123302,0.15496353509072902,-1.3646935420298387,7.20750836066069,1.2119340978190856,4.038642453241546,1.2579859247089644,1
496,10.502458934292305,-10.22385915133168,-15.833613379057848,-0.4175941432334541,10.08486479105885,0.10167320275940106,4.696994130729691,4.885663689768004,2
497,6.854143457798287,2.2904237620990258,23.160995460092046,-1.9918062929252098,4.862337164873077,1.1112754922073176,4.075949764805188,4.114582552531853,0
498,8.138875542966424,-0.9299603977440457,13.268546535118457,1.8569973038449046,9.995872846811329,-0.16060008313843385,3.990847427991467,1.6690513983620154,1
499,7.263665224878754,-14.769163012555634,-2.856552403010033,1.8283193093048618,9.091984534183617,0.15395168456742175,2.6816099087584444,2.782627935455349,2
